00Dx0000000H2ZtEAK,ingestiontest_10.87sbwwqvcxrh@eapperfl18.org,005x00000015JUOAA2
00Dx0000000H2aWEAS,ingestiontest_10.cg1o8fkbaysp@eapperfl61.org,005x00000015ORGAA2
00Dx0000000H2aXEAS,ingestiontest_10.kapae5ck2f3y@eapperfl57.org,005x00000015Q7pAAE
00Dx0000000H2acEAC,ingestiontest_10.qg6xucw1xr57@eapperfl65.org,005x00000015QwPAAU
00Dx0000000H2adEAC,ingestiontest_10.hwou5k6ct33f@eapperfl81.org,005x00000015TNBAA2
00Dx0000000H2afEAC,ingestiontest_10.xv5n38vzzioe@eapperfl84.org,005x00000015Om6AAE
00Dx0000000H2aiEAC,ingestiontest_10.qgbcnfayzvzy@eapperfl68.org,005x00000015RD3AAM
00Dx0000000H2GsEAK,ingestiontest_10.f6ujpwwyg4qf@eapperfm7.org,005x000000150yAAAQ
00Dx0000000H2GwEAK,ingestiontest_10.pyektzb7klv3@eapperfm4.org,005x000000150mvAAA
00Dx0000000H2IpEAK,ingestiontest_10.kabonygvcian@eapperfm91.org,005x000000158gGAAQ
00Dx0000000H2KAEA0,ingestiontest_10.yb079xbopxsi@eapperfm159.org,005x00000015EM0AAM
00Dx0000000H2KPEA0,ingestiontest_10.zz5wjdqqy2qj@eapperfm176.org,005x00000015FbfAAE
00Dx0000000H25NEAS,ingestiontest_10.zpkoawcu6hme@eapperfs7.org,005x00000014riDAAQ
00Dx0000000H25OEAS,ingestiontest_10.l8vopajagnq9@eapperfs12.org,005x00000014sBkAAI
00Dx0000000H25hEAC,ingestiontest_10.oxtfrkvkhtgk@eapperfs97.org,005x00000014yFWAAY
00Dx0000000H26AEAS,ingestiontest_10.j73o7il13jeh@eapperfs26.org,005x00000014t0KAAQ
00Dx0000000H26IEAS,ingestiontest_10.epq5v4dgx1ym@eapperfs15.org,005x00000014sGRAAY
00Dx0000000H26JEAS,ingestiontest_10.mtgjhijqgc6z@eapperfs17.org,005x00000014sqSAAQ
00Dx0000000H272EAC,ingestiontest_10.jqnax39lnt9a@eapperfs63.org,005x00000014vq2AAA
00Dx0000000H276EAC,ingestiontest_10.e9hoifzdxwhm@eapperfs50.org,005x00000014uokAAA
00Dx0000000H27CEAS,ingestiontest_10.edy8iywptgby@eapperfs70.org,005x00000014wH9AAI
00Dx0000000H27IEAS,ingestiontest_10.gbc5xipgg6vz@eapperfs62.org,005x00000014vlaAAA
00Dx0000000H27JEAS,ingestiontest_10.mebivlkzt8y5@eapperfs92.org,005x00000014xoFAAQ
00Dx0000000H27QEAS,ingestiontest_10.mlguyusngalc@eapperfs61.org,005x00000014vgtAAA
00Dx0000000H27qEAC,ingestiontest_10.8vtctg3yjnnl@eapperfs85.org,005x00000014xRaAAI
00Dx0000000H280EAC,ingestiontest_10.jb42scask4fl@eapperfs102.org,005x00000014ypXAAQ
00Dx0000000H28UEAS,ingestiontest_10.q2gjh5cbn6ka@eapperfs117.org,005x00000014zmXAAQ
00Dx0000000H2lfEAC,ingestiontest_10.bhkdhageegsk@eapperfxl1.org,005x00000015c79AAA
00Dx0000000H2lgEAC,ingestiontest_10.cxbqo2k0r1v0@eapperfxl2.org,005x00000015cNRAAY
00Dx0000000H2liEAC,ingestiontest_10.dg1wy2lsp9sj@eapperfxl5.org,005x00000015dQzAAI
00Dx0000000H2mCEAS,ingestiontest_10.sceld2dwxcjy@eapperfxl10.org,005x00000015f5KAAQ
